{
  "project_info": {
    "project_number": "746694939208",
    "project_id": "barberapp2004-fb1eb",
    "storage_bucket": "barberapp2004-fb1eb.firebasestorage.app"
  },
  "client": [
    {
      "client_info": {
        "mobilesdk_app_id": "1:746694939208:android:471e4ad63524585113be7d",
        "android_client_info": {
          "package_name": "com.shree.barber_app"
        }
      },
      "oauth_client": [],
      "api_key": [
        {
          "current_key": "AIzaSyCEGKRY35CPh4gLHWS63uFLJTv7xVyTgpU"
        }
      ],
      "services": {
        "appinvite_service": {
          "other_platform_oauth_client": []
        }
      }
    }
  ],
  "configuration_version": "1"
}